terminal_id,tarih,toplama_tutar
T-00001,2025-01-08,307292
T-00001,2025-01-22,281842
T-00001,2025-02-05,275050
T-00001,2025-02-19,275159
T-00001,2025-03-05,238818
T-00001,2025-03-19,297669
T-00001,2025-04-02,330898
T-00001,2025-04-16,247481
T-00001,2025-04-30,255382
T-00001,2025-05-14,280181
T-00001,2025-05-28,288210
T-00001,2025-06-11,253366
T-00001,2025-06-25,250268
T-00001,2025-07-09,293545
T-00001,2025-07-23,245929
T-00001,2025-08-06,319108
T-00001,2025-08-20,297953
T-00001,2025-09-03,306252
T-00001,2025-09-17,264380
T-00001,2025-10-01,316754
T-00001,2025-10-15,256671
T-00001,2025-10-29,327741
T-00001,2025-11-12,299036
T-00001,2025-11-26,332987
T-00001,2025-12-10,212994
T-00001,2025-12-24,279970
T-00002,2025-01-08,297517
T-00002,2025-01-22,349157
T-00002,2025-02-05,288434
T-00002,2025-02-19,288936
T-00002,2025-03-05,314200
T-00002,2025-03-19,319813
T-00002,2025-04-02,333666
T-00002,2025-04-16,282843
T-00002,2025-04-30,292272
T-00002,2025-05-14,313207
T-00002,2025-05-28,304355
T-00002,2025-06-11,297063
T-00002,2025-06-25,291403
T-00002,2025-07-09,279794
T-00002,2025-07-23,316491
T-00002,2025-08-06,309510
T-00002,2025-08-20,312034
T-00002,2025-09-03,245830
T-00002,2025-09-17,306032
T-00002,2025-10-01,298348
T-00002,2025-10-15,313373
T-00002,2025-10-29,268648
T-00002,2025-11-12,327073
T-00002,2025-11-26,276536
T-00002,2025-12-10,261555
T-00002,2025-12-24,322052
T-00003,2025-01-08,237543
T-00003,2025-01-22,236812
T-00003,2025-02-05,213575
T-00003,2025-02-19,227625
T-00003,2025-03-05,240549
T-00003,2025-03-19,239542
T-00003,2025-04-02,206106
T-00003,2025-04-16,242185
T-00003,2025-04-30,219205
T-00003,2025-05-14,218398
T-00003,2025-05-28,207180
T-00003,2025-06-11,253712
T-00003,2025-06-25,257858
T-00003,2025-07-09,279812
T-00003,2025-07-23,214278
T-00003,2025-08-06,243223
T-00003,2025-08-20,235505
T-00003,2025-09-03,299178
T-00003,2025-09-17,210012
T-00003,2025-10-01,251993
T-00003,2025-10-15,215283
T-00003,2025-10-29,255342
T-00003,2025-11-12,239273
T-00003,2025-11-26,238815
T-00003,2025-12-10,243615
T-00003,2025-12-24,259985
T-00004,2025-01-08,176652
T-00004,2025-01-22,176652
T-00004,2025-02-05,177590
T-00004,2025-02-19,184027
T-00004,2025-03-05,162703
T-00004,2025-03-19,155016
T-00004,2025-04-02,159845
T-00004,2025-04-16,206886
T-00004,2025-04-30,136629
T-00004,2025-05-14,140906
T-00004,2025-05-28,186294
T-00004,2025-06-11,149893
T-00004,2025-06-25,179417
T-00004,2025-07-09,171636
T-00004,2025-07-23,157053
T-00004,2025-08-06,178649
T-00004,2025-08-20,171132
T-00004,2025-09-03,182320
T-00004,2025-09-17,166072
T-00004,2025-10-01,182544
T-00004,2025-10-15,162380
T-00004,2025-10-29,157024
T-00004,2025-11-12,174803
T-00004,2025-11-26,146817
T-00004,2025-12-10,203652
T-00004,2025-12-24,142474
T-00005,2025-01-08,263716
T-00005,2025-01-22,257493
T-00005,2025-02-05,254727
T-00005,2025-02-19,330127
T-00005,2025-03-05,271311
T-00005,2025-03-19,243050
T-00005,2025-04-02,255944
T-00005,2025-04-16,266765
T-00005,2025-04-30,272864
T-00005,2025-05-14,328811
T-00005,2025-05-28,228399
T-00005,2025-06-11,291774
T-00005,2025-06-25,277893
T-00005,2025-07-09,307911
T-00005,2025-07-23,309330
T-00005,2025-08-06,301668
T-00005,2025-08-20,267902
T-00005,2025-09-03,283206
T-00005,2025-09-17,267011
T-00005,2025-10-01,277622
T-00005,2025-10-15,307225
T-00005,2025-10-29,284396
T-00005,2025-11-12,292999
T-00005,2025-11-26,300690
T-00005,2025-12-10,343181
T-00005,2025-12-24,316667
T-00006,2025-01-08,433636
T-00006,2025-01-22,411092
T-00006,2025-02-05,402000
T-00006,2025-02-19,424847
T-00006,2025-03-05,374453
T-00006,2025-03-19,387316
T-00006,2025-04-02,348918
T-00006,2025-04-16,399291
T-00006,2025-04-30,468194
T-00006,2025-05-14,407224
T-00006,2025-05-28,396222
T-00006,2025-06-11,429189
T-00006,2025-06-25,403562
T-00006,2025-07-09,391630
T-00006,2025-07-23,411985
T-00006,2025-08-06,428318
T-00006,2025-08-20,447138
T-00006,2025-09-03,443590
T-00006,2025-09-17,375021
T-00006,2025-10-01,321345
T-00006,2025-10-15,377027
T-00006,2025-10-29,484547
T-00006,2025-11-12,371344
T-00006,2025-11-26,482723
T-00006,2025-12-10,388857
T-00006,2025-12-24,403326
T-00007,2025-01-08,166391
T-00007,2025-01-22,177831
T-00007,2025-02-05,169033
T-00007,2025-02-19,158103
T-00007,2025-03-05,179129
T-00007,2025-03-19,186105
T-00007,2025-04-02,157093
T-00007,2025-04-16,199614
T-00007,2025-04-30,182881
T-00007,2025-05-14,204455
T-00007,2025-05-28,197873
T-00007,2025-06-11,213475
T-00007,2025-06-25,208069
T-00007,2025-07-09,194196
T-00007,2025-07-23,201224
T-00007,2025-08-06,159920
T-00007,2025-08-20,195734
T-00007,2025-09-03,156056
T-00007,2025-09-17,140905
T-00007,2025-10-01,189700
T-00007,2025-10-15,178311
T-00007,2025-10-29,152572
T-00007,2025-11-12,146850
T-00007,2025-11-26,183797
T-00007,2025-12-10,140406
T-00007,2025-12-24,175422
T-00008,2025-01-08,234492
T-00008,2025-01-22,214576
T-00008,2025-02-05,224782
T-00008,2025-02-19,237601
T-00008,2025-03-05,208265
T-00008,2025-03-19,202782
T-00008,2025-04-02,199104
T-00008,2025-04-16,226997
T-00008,2025-04-30,231040
T-00008,2025-05-14,240092
T-00008,2025-05-28,214200
T-00008,2025-06-11,219978
T-00008,2025-06-25,191926
T-00008,2025-07-09,263409
T-00008,2025-07-23,239241
T-00008,2025-08-06,251524
T-00008,2025-08-20,204585
T-00008,2025-09-03,230802
T-00008,2025-09-17,194028
T-00008,2025-10-01,201735
T-00008,2025-10-15,246142
T-00008,2025-10-29,227950
T-00008,2025-11-12,260653
T-00008,2025-11-26,202737
T-00008,2025-12-10,206393
T-00008,2025-12-24,247150
T-00009,2025-01-08,453151
T-00009,2025-01-22,408102
T-00009,2025-02-05,391934
T-00009,2025-02-19,393352
T-00009,2025-03-05,426844
T-00009,2025-03-19,390065
T-00009,2025-04-02,450489
T-00009,2025-04-16,433261
T-00009,2025-04-30,357382
T-00009,2025-05-14,400573
T-00009,2025-05-28,396256
T-00009,2025-06-11,359178
T-00009,2025-06-25,440142
T-00009,2025-07-09,456395
T-00009,2025-07-23,426165
T-00009,2025-08-06,401036
T-00009,2025-08-20,392088
T-00009,2025-09-03,472169
T-00009,2025-09-17,464851
T-00009,2025-10-01,490843
T-00009,2025-10-15,394813
T-00009,2025-10-29,420289
T-00009,2025-11-12,403089
T-00009,2025-11-26,422321
T-00009,2025-12-10,439914
T-00009,2025-12-24,411330
T-00010,2025-01-08,329296
T-00010,2025-01-22,325980
T-00010,2025-02-05,344397
T-00010,2025-02-19,306471
T-00010,2025-03-05,303872
T-00010,2025-03-19,284863
T-00010,2025-04-02,305664
T-00010,2025-04-16,369909
T-00010,2025-04-30,309858
T-00010,2025-05-14,343075
T-00010,2025-05-28,324264
T-00010,2025-06-11,269958
T-00010,2025-06-25,327523
T-00010,2025-07-09,336846
T-00010,2025-07-23,388735
T-00010,2025-08-06,324663
T-00010,2025-08-20,289876
T-00010,2025-09-03,289679
T-00010,2025-09-17,301667
T-00010,2025-10-01,327370
T-00010,2025-10-15,349669
T-00010,2025-10-29,308250
T-00010,2025-11-12,302724
T-00010,2025-11-26,340781
T-00010,2025-12-10,344349
T-00010,2025-12-24,329897
T-00011,2025-01-08,206482
T-00011,2025-01-22,183992
T-00011,2025-02-05,238444
T-00011,2025-02-19,230065
T-00011,2025-03-05,198611
T-00011,2025-03-19,226691
T-00011,2025-04-02,240042
T-00011,2025-04-16,228810
T-00011,2025-04-30,234351
T-00011,2025-05-14,253910
T-00011,2025-05-28,212358
T-00011,2025-06-11,220984
T-00011,2025-06-25,225047
T-00011,2025-07-09,185922
T-00011,2025-07-23,220263
T-00011,2025-08-06,201149
T-00011,2025-08-20,242222
T-00011,2025-09-03,194930
T-00011,2025-09-17,216285
T-00011,2025-10-01,217990
T-00011,2025-10-15,190159
T-00011,2025-10-29,217696
T-00011,2025-11-12,222584
T-00011,2025-11-26,239381
T-00011,2025-12-10,249012
T-00011,2025-12-24,199035
T-00012,2025-01-08,462925
T-00012,2025-01-22,459089
T-00012,2025-02-05,469315
T-00012,2025-02-19,433800
T-00012,2025-03-05,458692
T-00012,2025-03-19,435191
T-00012,2025-04-02,465097
T-00012,2025-04-16,529413
T-00012,2025-04-30,338202
T-00012,2025-05-14,517544
T-00012,2025-05-28,444429
T-00012,2025-06-11,395426
T-00012,2025-06-25,424404
T-00012,2025-07-09,540839
T-00012,2025-07-23,518716
T-00012,2025-08-06,493411
T-00012,2025-08-20,436061
T-00012,2025-09-03,403957
T-00012,2025-09-17,493012
T-00012,2025-10-01,442950
T-00012,2025-10-15,480644
T-00012,2025-10-29,513552
T-00012,2025-11-12,410449
T-00012,2025-11-26,487494
T-00012,2025-12-10,475208
T-00012,2025-12-24,402623
T-00013,2025-01-08,179689
T-00013,2025-01-22,162895
T-00013,2025-02-05,165323
T-00013,2025-02-19,221764
T-00013,2025-03-05,187766
T-00013,2025-03-19,188886
T-00013,2025-04-02,192449
T-00013,2025-04-16,195435
T-00013,2025-04-30,164038
T-00013,2025-05-14,186111
T-00013,2025-05-28,179366
T-00013,2025-06-11,171050
T-00013,2025-06-25,157319
T-00013,2025-07-09,194454
T-00013,2025-07-23,208832
T-00013,2025-08-06,177753
T-00013,2025-08-20,199414
T-00013,2025-09-03,175277
T-00013,2025-09-17,172095
T-00013,2025-10-01,209577
T-00013,2025-10-15,239509
T-00013,2025-10-29,173325
T-00013,2025-11-12,191913
T-00013,2025-11-26,211390
T-00013,2025-12-10,188936
T-00013,2025-12-24,223964
T-00014,2025-01-08,244970
T-00014,2025-01-22,244726
T-00014,2025-02-05,213646
T-00014,2025-02-19,228685
T-00014,2025-03-05,244700
T-00014,2025-03-19,199633
T-00014,2025-04-02,244467
T-00014,2025-04-16,255301
T-00014,2025-04-30,240979
T-00014,2025-05-14,192131
T-00014,2025-05-28,235185
T-00014,2025-06-11,200983
T-00014,2025-06-25,205492
T-00014,2025-07-09,229488
T-00014,2025-07-23,231052
T-00014,2025-08-06,252018
T-00014,2025-08-20,232614
T-00014,2025-09-03,220389
T-00014,2025-09-17,235517
T-00014,2025-10-01,259332
T-00014,2025-10-15,209788
T-00014,2025-10-29,220268
T-00014,2025-11-12,234928
T-00014,2025-11-26,196172
T-00014,2025-12-10,250897
T-00014,2025-12-24,254948
T-00015,2025-01-08,350495
T-00015,2025-01-22,296053
T-00015,2025-02-05,351847
T-00015,2025-02-19,291137
T-00015,2025-03-05,298543
T-00015,2025-03-19,278979
T-00015,2025-04-02,283613
T-00015,2025-04-16,314395
T-00015,2025-04-30,276530
T-00015,2025-05-14,300626
T-00015,2025-05-28,327930
T-00015,2025-06-11,318947
T-00015,2025-06-25,322328
T-00015,2025-07-09,382626
T-00015,2025-07-23,290887
T-00015,2025-08-06,290135
T-00015,2025-08-20,343726
T-00015,2025-09-03,289666
T-00015,2025-09-17,321681
T-00015,2025-10-01,326643
T-00015,2025-10-15,260636
T-00015,2025-10-29,362369
T-00015,2025-11-12,295289
T-00015,2025-11-26,317474
T-00015,2025-12-10,368953
T-00015,2025-12-24,282676
T-00016,2025-01-08,188373
T-00016,2025-01-22,179217
T-00016,2025-02-05,188689
T-00016,2025-02-19,236759
T-00016,2025-03-05,179749
T-00016,2025-03-19,201887
T-00016,2025-04-02,182209
T-00016,2025-04-16,209954
T-00016,2025-04-30,198587
T-00016,2025-05-14,211099
T-00016,2025-05-28,201260
T-00016,2025-06-11,191772
T-00016,2025-06-25,173559
T-00016,2025-07-09,181565
T-00016,2025-07-23,213162
T-00016,2025-08-06,189877
T-00016,2025-08-20,203104
T-00016,2025-09-03,229885
T-00016,2025-09-17,193141
T-00016,2025-10-01,187198
T-00016,2025-10-15,200489
T-00016,2025-10-29,180562
T-00016,2025-11-12,209291
T-00016,2025-11-26,191513
T-00016,2025-12-10,211586
T-00016,2025-12-24,178436
T-00017,2025-01-08,281337
T-00017,2025-01-22,242192
T-00017,2025-02-05,295661
T-00017,2025-02-19,254278
T-00017,2025-03-05,267225
T-00017,2025-03-19,307907
T-00017,2025-04-02,335496
T-00017,2025-04-16,239997
T-00017,2025-04-30,281909
T-00017,2025-05-14,293170
T-00017,2025-05-28,324087
T-00017,2025-06-11,292905
T-00017,2025-06-25,299335
T-00017,2025-07-09,301401
T-00017,2025-07-23,303278
T-00017,2025-08-06,323984
T-00017,2025-08-20,282062
T-00017,2025-09-03,286827
T-00017,2025-09-17,307007
T-00017,2025-10-01,229688
T-00017,2025-10-15,214555
T-00017,2025-10-29,305453
T-00017,2025-11-12,255815
T-00017,2025-11-26,283097
T-00017,2025-12-10,308046
T-00017,2025-12-24,283961
T-00018,2025-01-08,263911
T-00018,2025-01-22,243496
T-00018,2025-02-05,319245
T-00018,2025-02-19,286094
T-00018,2025-03-05,295620
T-00018,2025-03-19,253093
T-00018,2025-04-02,281247
T-00018,2025-04-16,287787
T-00018,2025-04-30,256116
T-00018,2025-05-14,326756
T-00018,2025-05-28,317575
T-00018,2025-06-11,252972
T-00018,2025-06-25,261931
T-00018,2025-07-09,284747
T-00018,2025-07-23,269940
T-00018,2025-08-06,282406
T-00018,2025-08-20,273848
T-00018,2025-09-03,242923
T-00018,2025-09-17,225448
T-00018,2025-10-01,288113
T-00018,2025-10-15,313192
T-00018,2025-10-29,276673
T-00018,2025-11-12,316167
T-00018,2025-11-26,299789
T-00018,2025-12-10,265928
T-00018,2025-12-24,288251
T-00019,2025-01-08,131617
T-00019,2025-01-22,144059
T-00019,2025-02-05,140041
T-00019,2025-02-19,135196
T-00019,2025-03-05,156528
T-00019,2025-03-19,124679
T-00019,2025-04-02,133833
T-00019,2025-04-16,147097
T-00019,2025-04-30,154387
T-00019,2025-05-14,134389
T-00019,2025-05-28,135504
T-00019,2025-06-11,169557
T-00019,2025-06-25,154865
T-00019,2025-07-09,137643
T-00019,2025-07-23,150615
T-00019,2025-08-06,139266
T-00019,2025-08-20,153265
T-00019,2025-09-03,99736
T-00019,2025-09-17,155958
T-00019,2025-10-01,125610
T-00019,2025-10-15,137722
T-00019,2025-10-29,147359
T-00019,2025-11-12,174143
T-00019,2025-11-26,155151
T-00019,2025-12-10,149367
T-00019,2025-12-24,124305
T-00020,2025-01-08,237864
T-00020,2025-01-22,247093
T-00020,2025-02-05,249500
T-00020,2025-02-19,250257
T-00020,2025-03-05,262480
T-00020,2025-03-19,267875
T-00020,2025-04-02,253701
T-00020,2025-04-16,232276
T-00020,2025-04-30,272334
T-00020,2025-05-14,242406
T-00020,2025-05-28,239772
T-00020,2025-06-11,204925
T-00020,2025-06-25,277572
T-00020,2025-07-09,215666
T-00020,2025-07-23,224103
T-00020,2025-08-06,207725
T-00020,2025-08-20,263575
T-00020,2025-09-03,293323
T-00020,2025-09-17,262903
T-00020,2025-10-01,179564
T-00020,2025-10-15,206133
T-00020,2025-10-29,263880
T-00020,2025-11-12,297807
T-00020,2025-11-26,252899
T-00020,2025-12-10,259830
T-00020,2025-12-24,257568
T-00021,2025-01-08,360131
T-00021,2025-01-22,301047
T-00021,2025-02-05,322405
T-00021,2025-02-19,395679
T-00021,2025-03-05,326535
T-00021,2025-03-19,354259
T-00021,2025-04-02,366218
T-00021,2025-04-16,373988
T-00021,2025-04-30,378362
T-00021,2025-05-14,370514
T-00021,2025-05-28,346838
T-00021,2025-06-11,364170
T-00021,2025-06-25,336959
T-00021,2025-07-09,425804
T-00021,2025-07-23,336364
T-00021,2025-08-06,407618
T-00021,2025-08-20,372510
T-00021,2025-09-03,319361
T-00021,2025-09-17,377396
T-00021,2025-10-01,363987
T-00021,2025-10-15,397330
T-00021,2025-10-29,312758
T-00021,2025-11-12,333274
T-00021,2025-11-26,342337
T-00021,2025-12-10,421413
T-00021,2025-12-24,341319
T-00022,2025-01-08,116370
T-00022,2025-01-22,135700
T-00022,2025-02-05,143652
T-00022,2025-02-19,148878
T-00022,2025-03-05,154778
T-00022,2025-03-19,131860
T-00022,2025-04-02,139743
T-00022,2025-04-16,113854
T-00022,2025-04-30,120614
T-00022,2025-05-14,147070
T-00022,2025-05-28,128404
T-00022,2025-06-11,163354
T-00022,2025-06-25,135146
T-00022,2025-07-09,130578
T-00022,2025-07-23,122177
T-00022,2025-08-06,139335
T-00022,2025-08-20,104052
T-00022,2025-09-03,132519
T-00022,2025-09-17,131288
T-00022,2025-10-01,136145
T-00022,2025-10-15,123741
T-00022,2025-10-29,122578
T-00022,2025-11-12,132973
T-00022,2025-11-26,138894
T-00022,2025-12-10,143443
T-00022,2025-12-24,132737
T-00023,2025-01-08,219295
T-00023,2025-01-22,221970
T-00023,2025-02-05,238181
T-00023,2025-02-19,237204
T-00023,2025-03-05,227658
T-00023,2025-03-19,204952
T-00023,2025-04-02,198836
T-00023,2025-04-16,260825
T-00023,2025-04-30,221371
T-00023,2025-05-14,229562
T-00023,2025-05-28,212324
T-00023,2025-06-11,217419
T-00023,2025-06-25,230054
T-00023,2025-07-09,226268
T-00023,2025-07-23,253132
T-00023,2025-08-06,192611
T-00023,2025-08-20,247334
T-00023,2025-09-03,221115
T-00023,2025-09-17,185439
T-00023,2025-10-01,243372
T-00023,2025-10-15,213159
T-00023,2025-10-29,213843
T-00023,2025-11-12,192747
T-00023,2025-11-26,225853
T-00023,2025-12-10,228904
T-00023,2025-12-24,253266
T-00024,2025-01-08,400902
T-00024,2025-01-22,366430
T-00024,2025-02-05,346849
T-00024,2025-02-19,393585
T-00024,2025-03-05,443804
T-00024,2025-03-19,429252
T-00024,2025-04-02,377650
T-00024,2025-04-16,454329
T-00024,2025-04-30,403286
T-00024,2025-05-14,374755
T-00024,2025-05-28,387314
T-00024,2025-06-11,362941
T-00024,2025-06-25,375592
T-00024,2025-07-09,449665
T-00024,2025-07-23,371576
T-00024,2025-08-06,389028
T-00024,2025-08-20,455393
T-00024,2025-09-03,489033
T-00024,2025-09-17,404291
T-00024,2025-10-01,422414
T-00024,2025-10-15,445114
T-00024,2025-10-29,359998
T-00024,2025-11-12,357651
T-00024,2025-11-26,414357
T-00024,2025-12-10,436591
T-00024,2025-12-24,413359
T-00025,2025-01-08,196391
T-00025,2025-01-22,199609
T-00025,2025-02-05,162923
T-00025,2025-02-19,175006
T-00025,2025-03-05,198176
T-00025,2025-03-19,192981
T-00025,2025-04-02,191706
T-00025,2025-04-16,197786
T-00025,2025-04-30,201302
T-00025,2025-05-14,199801
T-00025,2025-05-28,164281
T-00025,2025-06-11,171278
T-00025,2025-06-25,198218
T-00025,2025-07-09,164813
T-00025,2025-07-23,209600
T-00025,2025-08-06,184691
T-00025,2025-08-20,199335
T-00025,2025-09-03,195053
T-00025,2025-09-17,179010
T-00025,2025-10-01,180220
T-00025,2025-10-15,191406
T-00025,2025-10-29,160648
T-00025,2025-11-12,158639
T-00025,2025-11-26,176869
T-00025,2025-12-10,190654
T-00025,2025-12-24,224754
T-00026,2025-01-08,167345
T-00026,2025-01-22,163615
T-00026,2025-02-05,139379
T-00026,2025-02-19,149216
T-00026,2025-03-05,162371
T-00026,2025-03-19,153142
T-00026,2025-04-02,134469
T-00026,2025-04-16,140918
T-00026,2025-04-30,123465
T-00026,2025-05-14,149951
T-00026,2025-05-28,161375
T-00026,2025-06-11,179945
T-00026,2025-06-25,160636
T-00026,2025-07-09,137235
T-00026,2025-07-23,168327
T-00026,2025-08-06,175226
T-00026,2025-08-20,134804
T-00026,2025-09-03,124955
T-00026,2025-09-17,149559
T-00026,2025-10-01,127592
T-00026,2025-10-15,143713
T-00026,2025-10-29,108199
T-00026,2025-11-12,178702
T-00026,2025-11-26,177017
T-00026,2025-12-10,142658
T-00026,2025-12-24,136644
T-00027,2025-01-08,127708
T-00027,2025-01-22,118333
T-00027,2025-02-05,140785
T-00027,2025-02-19,125502
T-00027,2025-03-05,97727
T-00027,2025-03-19,125370
T-00027,2025-04-02,108843
T-00027,2025-04-16,112819
T-00027,2025-04-30,135016
T-00027,2025-05-14,144025
T-00027,2025-05-28,131587
T-00027,2025-06-11,129795
T-00027,2025-06-25,131276
T-00027,2025-07-09,130111
T-00027,2025-07-23,134631
T-00027,2025-08-06,115974
T-00027,2025-08-20,129268
T-00027,2025-09-03,146735
T-00027,2025-09-17,122772
T-00027,2025-10-01,149958
T-00027,2025-10-15,125235
T-00027,2025-10-29,127995
T-00027,2025-11-12,132853
T-00027,2025-11-26,143814
T-00027,2025-12-10,140858
T-00027,2025-12-24,142932
T-00028,2025-01-08,322574
T-00028,2025-01-22,335930
T-00028,2025-02-05,293282
T-00028,2025-02-19,353399
T-00028,2025-03-05,307467
T-00028,2025-03-19,333972
T-00028,2025-04-02,386483
T-00028,2025-04-16,321175
T-00028,2025-04-30,317848
T-00028,2025-05-14,286360
T-00028,2025-05-28,334122
T-00028,2025-06-11,351982
T-00028,2025-06-25,403369
T-00028,2025-07-09,338971
T-00028,2025-07-23,326628
T-00028,2025-08-06,331245
T-00028,2025-08-20,325797
T-00028,2025-09-03,362615
T-00028,2025-09-17,356921
T-00028,2025-10-01,316617
T-00028,2025-10-15,300925
T-00028,2025-10-29,361955
T-00028,2025-11-12,288382
T-00028,2025-11-26,347333
T-00028,2025-12-10,312744
T-00028,2025-12-24,308646
T-00029,2025-01-08,190956
T-00029,2025-01-22,184410
T-00029,2025-02-05,189410
T-00029,2025-02-19,157304
T-00029,2025-03-05,164002
T-00029,2025-03-19,169732
T-00029,2025-04-02,145016
T-00029,2025-04-16,156761
T-00029,2025-04-30,169057
T-00029,2025-05-14,174045
T-00029,2025-05-28,156592
T-00029,2025-06-11,142272
T-00029,2025-06-25,196275
T-00029,2025-07-09,147954
T-00029,2025-07-23,172848
T-00029,2025-08-06,170164
T-00029,2025-08-20,174834
T-00029,2025-09-03,182643
T-00029,2025-09-17,160433
T-00029,2025-10-01,195634
T-00029,2025-10-15,148378
T-00029,2025-10-29,182600
T-00029,2025-11-12,128681
T-00029,2025-11-26,155599
T-00029,2025-12-10,169857
T-00029,2025-12-24,167531
T-00030,2025-01-08,481289
T-00030,2025-01-22,485971
T-00030,2025-02-05,433263
T-00030,2025-02-19,541952
T-00030,2025-03-05,441808
T-00030,2025-03-19,494421
T-00030,2025-04-02,408915
T-00030,2025-04-16,453018
T-00030,2025-04-30,461006
T-00030,2025-05-14,468712
T-00030,2025-05-28,466479
T-00030,2025-06-11,488833
T-00030,2025-06-25,373993
T-00030,2025-07-09,451507
T-00030,2025-07-23,517996
T-00030,2025-08-06,461253
T-00030,2025-08-20,446535
T-00030,2025-09-03,449747
T-00030,2025-09-17,459796
T-00030,2025-10-01,466709
T-00030,2025-10-15,397369
T-00030,2025-10-29,438146
T-00030,2025-11-12,453995
T-00030,2025-11-26,461574
T-00030,2025-12-10,443644
T-00030,2025-12-24,519165
T-00031,2025-01-08,167753
T-00031,2025-01-22,152184
T-00031,2025-02-05,157535
T-00031,2025-02-19,146063
T-00031,2025-03-05,132297
T-00031,2025-03-19,132343
T-00031,2025-04-02,159507
T-00031,2025-04-16,152978
T-00031,2025-04-30,145894
T-00031,2025-05-14,155136
T-00031,2025-05-28,146981
T-00031,2025-06-11,140058
T-00031,2025-06-25,157496
T-00031,2025-07-09,172183
T-00031,2025-07-23,162882
T-00031,2025-08-06,156677
T-00031,2025-08-20,127617
T-00031,2025-09-03,159712
T-00031,2025-09-17,143583
T-00031,2025-10-01,147041
T-00031,2025-10-15,171649
T-00031,2025-10-29,179089
T-00031,2025-11-12,161292
T-00031,2025-11-26,169673
T-00031,2025-12-10,131065
T-00031,2025-12-24,140050
T-00032,2025-01-08,308817
T-00032,2025-01-22,340206
T-00032,2025-02-05,359647
T-00032,2025-02-19,308996
T-00032,2025-03-05,290166
T-00032,2025-03-19,366587
T-00032,2025-04-02,296901
T-00032,2025-04-16,324441
T-00032,2025-04-30,328983
T-00032,2025-05-14,315143
T-00032,2025-05-28,315802
T-00032,2025-06-11,312140
T-00032,2025-06-25,303922
T-00032,2025-07-09,366053
T-00032,2025-07-23,306274
T-00032,2025-08-06,305064
T-00032,2025-08-20,327265
T-00032,2025-09-03,329729
T-00032,2025-09-17,280039
T-00032,2025-10-01,320111
T-00032,2025-10-15,386019
T-00032,2025-10-29,331406
T-00032,2025-11-12,298473
T-00032,2025-11-26,296006
T-00032,2025-12-10,300700
T-00032,2025-12-24,339204
T-00033,2025-01-08,386853
T-00033,2025-01-22,311236
T-00033,2025-02-05,383145
T-00033,2025-02-19,336314
T-00033,2025-03-05,405124
T-00033,2025-03-19,328529
T-00033,2025-04-02,323539
T-00033,2025-04-16,307851
T-00033,2025-04-30,309404
T-00033,2025-05-14,332482
T-00033,2025-05-28,356478
T-00033,2025-06-11,360831
T-00033,2025-06-25,299453
T-00033,2025-07-09,364436
T-00033,2025-07-23,354236
T-00033,2025-08-06,318641
T-00033,2025-08-20,341072
T-00033,2025-09-03,323270
T-00033,2025-09-17,315553
T-00033,2025-10-01,339417
T-00033,2025-10-15,341415
T-00033,2025-10-29,307951
T-00033,2025-11-12,350758
T-00033,2025-11-26,333441
T-00033,2025-12-10,300319
T-00033,2025-12-24,350938
T-00034,2025-01-08,471966
T-00034,2025-01-22,468184
T-00034,2025-02-05,502158
T-00034,2025-02-19,464572
T-00034,2025-03-05,447609
T-00034,2025-03-19,415368
T-00034,2025-04-02,442314
T-00034,2025-04-16,434978
T-00034,2025-04-30,458372
T-00034,2025-05-14,478386
T-00034,2025-05-28,376652
T-00034,2025-06-11,414280
T-00034,2025-06-25,486026
T-00034,2025-07-09,358866
T-00034,2025-07-23,393182
T-00034,2025-08-06,461248
T-00034,2025-08-20,313284
T-00034,2025-09-03,529606
T-00034,2025-09-17,458209
T-00034,2025-10-01,485023
T-00034,2025-10-15,471485
T-00034,2025-10-29,572653
T-00034,2025-11-12,425957
T-00034,2025-11-26,369403
T-00034,2025-12-10,425278
T-00034,2025-12-24,411889
T-00035,2025-01-08,133076
T-00035,2025-01-22,144190
T-00035,2025-02-05,124433
T-00035,2025-02-19,115272
T-00035,2025-03-05,144846
T-00035,2025-03-19,135778
T-00035,2025-04-02,138400
T-00035,2025-04-16,136734
T-00035,2025-04-30,100714
T-00035,2025-05-14,145537
T-00035,2025-05-28,149665
T-00035,2025-06-11,124972
T-00035,2025-06-25,141402
T-00035,2025-07-09,131342
T-00035,2025-07-23,141208
T-00035,2025-08-06,102614
T-00035,2025-08-20,126431
T-00035,2025-09-03,127162
T-00035,2025-09-17,137552
T-00035,2025-10-01,118030
T-00035,2025-10-15,132190
T-00035,2025-10-29,112503
T-00035,2025-11-12,138213
T-00035,2025-11-26,121616
T-00035,2025-12-10,155080
T-00035,2025-12-24,141703
T-00036,2025-01-08,434025
T-00036,2025-01-22,460878
T-00036,2025-02-05,412999
T-00036,2025-02-19,435443
T-00036,2025-03-05,413359
T-00036,2025-03-19,341388
T-00036,2025-04-02,569739
T-00036,2025-04-16,458115
T-00036,2025-04-30,446933
T-00036,2025-05-14,484112
T-00036,2025-05-28,510147
T-00036,2025-06-11,491836
T-00036,2025-06-25,479126
T-00036,2025-07-09,489884
T-00036,2025-07-23,486164
T-00036,2025-08-06,432671
T-00036,2025-08-20,530100
T-00036,2025-09-03,402124
T-00036,2025-09-17,466562
T-00036,2025-10-01,466956
T-00036,2025-10-15,470197
T-00036,2025-10-29,527384
T-00036,2025-11-12,420971
T-00036,2025-11-26,454260
T-00036,2025-12-10,450928
T-00036,2025-12-24,459958
T-00037,2025-01-08,271109
T-00037,2025-01-22,298561
T-00037,2025-02-05,349956
T-00037,2025-02-19,317846
T-00037,2025-03-05,345567
T-00037,2025-03-19,278711
T-00037,2025-04-02,271189
T-00037,2025-04-16,324666
T-00037,2025-04-30,307843
T-00037,2025-05-14,284293
T-00037,2025-05-28,260330
T-00037,2025-06-11,372972
T-00037,2025-06-25,304304
T-00037,2025-07-09,304604
T-00037,2025-07-23,241588
T-00037,2025-08-06,301928
T-00037,2025-08-20,328456
T-00037,2025-09-03,324536
T-00037,2025-09-17,267914
T-00037,2025-10-01,289665
T-00037,2025-10-15,310793
T-00037,2025-10-29,366170
T-00037,2025-11-12,332526
T-00037,2025-11-26,280531
T-00037,2025-12-10,356237
T-00037,2025-12-24,300488
T-00038,2025-01-08,391942
T-00038,2025-01-22,352890
T-00038,2025-02-05,379426
T-00038,2025-02-19,447205
T-00038,2025-03-05,356355
T-00038,2025-03-19,397105
T-00038,2025-04-02,345599
T-00038,2025-04-16,422068
T-00038,2025-04-30,300612
T-00038,2025-05-14,398821
T-00038,2025-05-28,402590
T-00038,2025-06-11,396609
T-00038,2025-06-25,334342
T-00038,2025-07-09,394966
T-00038,2025-07-23,391199
T-00038,2025-08-06,429372
T-00038,2025-08-20,336380
T-00038,2025-09-03,362610
T-00038,2025-09-17,364885
T-00038,2025-10-01,315964
T-00038,2025-10-15,323311
T-00038,2025-10-29,354048
T-00038,2025-11-12,376953
T-00038,2025-11-26,384542
T-00038,2025-12-10,330013
T-00038,2025-12-24,413675
T-00039,2025-01-08,147565
T-00039,2025-01-22,160802
T-00039,2025-02-05,144899
T-00039,2025-02-19,138504
T-00039,2025-03-05,165957
T-00039,2025-03-19,165754
T-00039,2025-04-02,144870
T-00039,2025-04-16,140152
T-00039,2025-04-30,162580
T-00039,2025-05-14,151491
T-00039,2025-05-28,177503
T-00039,2025-06-11,170611
T-00039,2025-06-25,142839
T-00039,2025-07-09,163519
T-00039,2025-07-23,177180
T-00039,2025-08-06,132042
T-00039,2025-08-20,139890
T-00039,2025-09-03,159288
T-00039,2025-09-17,203728
T-00039,2025-10-01,163706
T-00039,2025-10-15,150416
T-00039,2025-10-29,158975
T-00039,2025-11-12,165748
T-00039,2025-11-26,168437
T-00039,2025-12-10,146723
T-00039,2025-12-24,162229
T-00040,2025-01-08,216445
T-00040,2025-01-22,197798
T-00040,2025-02-05,178223
T-00040,2025-02-19,201142
T-00040,2025-03-05,184072
T-00040,2025-03-19,178780
T-00040,2025-04-02,196064
T-00040,2025-04-16,186322
T-00040,2025-04-30,173157
T-00040,2025-05-14,193204
T-00040,2025-05-28,175647
T-00040,2025-06-11,205741
T-00040,2025-06-25,169404
T-00040,2025-07-09,178132
T-00040,2025-07-23,196839
T-00040,2025-08-06,160075
T-00040,2025-08-20,190243
T-00040,2025-09-03,188058
T-00040,2025-09-17,192976
T-00040,2025-10-01,160321
T-00040,2025-10-15,206029
T-00040,2025-10-29,213835
T-00040,2025-11-12,153745
T-00040,2025-11-26,208311
T-00040,2025-12-10,175234
T-00040,2025-12-24,194703
T-00041,2025-01-08,143446
T-00041,2025-01-22,152672
T-00041,2025-02-05,134557
T-00041,2025-02-19,149288
T-00041,2025-03-05,135047
T-00041,2025-03-19,164204
T-00041,2025-04-02,126531
T-00041,2025-04-16,147558
T-00041,2025-04-30,133861
T-00041,2025-05-14,149831
T-00041,2025-05-28,140665
T-00041,2025-06-11,173700
T-00041,2025-06-25,161146
T-00041,2025-07-09,160983
T-00041,2025-07-23,132096
T-00041,2025-08-06,152839
T-00041,2025-08-20,153867
T-00041,2025-09-03,164384
T-00041,2025-09-17,145386
T-00041,2025-10-01,156452
T-00041,2025-10-15,147874
T-00041,2025-10-29,157201
T-00041,2025-11-12,146205
T-00041,2025-11-26,143301
T-00041,2025-12-10,142300
T-00041,2025-12-24,174833
T-00042,2025-01-08,430367
T-00042,2025-01-22,414445
T-00042,2025-02-05,374798
T-00042,2025-02-19,399895
T-00042,2025-03-05,430059
T-00042,2025-03-19,412238
T-00042,2025-04-02,405657
T-00042,2025-04-16,352771
T-00042,2025-04-30,438322
T-00042,2025-05-14,430110
T-00042,2025-05-28,497769
T-00042,2025-06-11,414831
T-00042,2025-06-25,393305
T-00042,2025-07-09,430496
T-00042,2025-07-23,482818
T-00042,2025-08-06,437207
T-00042,2025-08-20,400771
T-00042,2025-09-03,402042
T-00042,2025-09-17,460720
T-00042,2025-10-01,391368
T-00042,2025-10-15,434420
T-00042,2025-10-29,441579
T-00042,2025-11-12,358911
T-00042,2025-11-26,452710
T-00042,2025-12-10,349357
T-00042,2025-12-24,424698
T-00043,2025-01-08,472810
T-00043,2025-01-22,356200
T-00043,2025-02-05,447279
T-00043,2025-02-19,465821
T-00043,2025-03-05,474623
T-00043,2025-03-19,500000
T-00043,2025-04-02,477031
T-00043,2025-04-16,485581
T-00043,2025-04-30,406027
T-00043,2025-05-14,415390
T-00043,2025-05-28,415742
T-00043,2025-06-11,438692
T-00043,2025-06-25,502472
T-00043,2025-07-09,400771
T-00043,2025-07-23,425315
T-00043,2025-08-06,447864
T-00043,2025-08-20,443677
T-00043,2025-09-03,477620
T-00043,2025-09-17,431944
T-00043,2025-10-01,553408
T-00043,2025-10-15,385193
T-00043,2025-10-29,543452
T-00043,2025-11-12,418049
T-00043,2025-11-26,337135
T-00043,2025-12-10,472807
T-00043,2025-12-24,500113
T-00044,2025-01-08,123595
T-00044,2025-01-22,124005
T-00044,2025-02-05,122636
T-00044,2025-02-19,147892
T-00044,2025-03-05,136720
T-00044,2025-03-19,132118
T-00044,2025-04-02,121055
T-00044,2025-04-16,149777
T-00044,2025-04-30,160152
T-00044,2025-05-14,141500
T-00044,2025-05-28,152865
T-00044,2025-06-11,127678
T-00044,2025-06-25,133435
T-00044,2025-07-09,135334
T-00044,2025-07-23,129971
T-00044,2025-08-06,136990
T-00044,2025-08-20,105597
T-00044,2025-09-03,139077
T-00044,2025-09-17,129500
T-00044,2025-10-01,127546
T-00044,2025-10-15,127696
T-00044,2025-10-29,127963
T-00044,2025-11-12,148418
T-00044,2025-11-26,145073
T-00044,2025-12-10,133455
T-00044,2025-12-24,144355
T-00045,2025-01-08,127033
T-00045,2025-01-22,134876
T-00045,2025-02-05,127056
T-00045,2025-02-19,131163
T-00045,2025-03-05,134793
T-00045,2025-03-19,119958
T-00045,2025-04-02,128485
T-00045,2025-04-16,147419
T-00045,2025-04-30,128402
T-00045,2025-05-14,131013
T-00045,2025-05-28,123252
T-00045,2025-06-11,112270
T-00045,2025-06-25,121331
T-00045,2025-07-09,126196
T-00045,2025-07-23,145142
T-00045,2025-08-06,138985
T-00045,2025-08-20,112241
T-00045,2025-09-03,128165
T-00045,2025-09-17,111187
T-00045,2025-10-01,114050
T-00045,2025-10-15,108774
T-00045,2025-10-29,132958
T-00045,2025-11-12,117220
T-00045,2025-11-26,129281
T-00045,2025-12-10,101270
T-00045,2025-12-24,106283
T-00046,2025-01-08,457494
T-00046,2025-01-22,414286
T-00046,2025-02-05,442753
T-00046,2025-02-19,448503
T-00046,2025-03-05,362616
T-00046,2025-03-19,454638
T-00046,2025-04-02,417943
T-00046,2025-04-16,422638
T-00046,2025-04-30,489719
T-00046,2025-05-14,372184
T-00046,2025-05-28,485331
T-00046,2025-06-11,475137
T-00046,2025-06-25,514605
T-00046,2025-07-09,439080
T-00046,2025-07-23,434606
T-00046,2025-08-06,413345
T-00046,2025-08-20,393338
T-00046,2025-09-03,449814
T-00046,2025-09-17,444150
T-00046,2025-10-01,455196
T-00046,2025-10-15,466323
T-00046,2025-10-29,433692
T-00046,2025-11-12,406733
T-00046,2025-11-26,491874
T-00046,2025-12-10,428558
T-00046,2025-12-24,485868
T-00047,2025-01-08,316268
T-00047,2025-01-22,388409
T-00047,2025-02-05,303154
T-00047,2025-02-19,314750
T-00047,2025-03-05,321260
T-00047,2025-03-19,384060
T-00047,2025-04-02,346190
T-00047,2025-04-16,333846
T-00047,2025-04-30,248317
T-00047,2025-05-14,340421
T-00047,2025-05-28,345241
T-00047,2025-06-11,390752
T-00047,2025-06-25,384687
T-00047,2025-07-09,327386
T-00047,2025-07-23,317386
T-00047,2025-08-06,307194
T-00047,2025-08-20,353098
T-00047,2025-09-03,305664
T-00047,2025-09-17,311406
T-00047,2025-10-01,359668
T-00047,2025-10-15,331282
T-00047,2025-10-29,315233
T-00047,2025-11-12,325557
T-00047,2025-11-26,326524
T-00047,2025-12-10,316074
T-00047,2025-12-24,323884
T-00048,2025-01-08,140129
T-00048,2025-01-22,153330
T-00048,2025-02-05,131838
T-00048,2025-02-19,126307
T-00048,2025-03-05,136037
T-00048,2025-03-19,122724
T-00048,2025-04-02,134568
T-00048,2025-04-16,149389
T-00048,2025-04-30,135176
T-00048,2025-05-14,140556
T-00048,2025-05-28,129037
T-00048,2025-06-11,115819
T-00048,2025-06-25,145245
T-00048,2025-07-09,143592
T-00048,2025-07-23,145932
T-00048,2025-08-06,139653
T-00048,2025-08-20,139863
T-00048,2025-09-03,129253
T-00048,2025-09-17,133251
T-00048,2025-10-01,132038
T-00048,2025-10-15,136470
T-00048,2025-10-29,166839
T-00048,2025-11-12,147797
T-00048,2025-11-26,146552
T-00048,2025-12-10,137067
T-00048,2025-12-24,152916
T-00049,2025-01-08,179072
T-00049,2025-01-22,167557
T-00049,2025-02-05,138855
T-00049,2025-02-19,149276
T-00049,2025-03-05,177877
T-00049,2025-03-19,157523
T-00049,2025-04-02,135132
T-00049,2025-04-16,143990
T-00049,2025-04-30,144751
T-00049,2025-05-14,136095
T-00049,2025-05-28,145148
T-00049,2025-06-11,171049
T-00049,2025-06-25,160403
T-00049,2025-07-09,159251
T-00049,2025-07-23,139433
T-00049,2025-08-06,143249
T-00049,2025-08-20,144055
T-00049,2025-09-03,138671
T-00049,2025-09-17,150133
T-00049,2025-10-01,143714
T-00049,2025-10-15,145354
T-00049,2025-10-29,147109
T-00049,2025-11-12,120402
T-00049,2025-11-26,160776
T-00049,2025-12-10,179387
T-00049,2025-12-24,152303
T-00050,2025-01-08,388596
T-00050,2025-01-22,404436
T-00050,2025-02-05,333686
T-00050,2025-02-19,423493
T-00050,2025-03-05,389685
T-00050,2025-03-19,404713
T-00050,2025-04-02,445744
T-00050,2025-04-16,401354
T-00050,2025-04-30,424950
T-00050,2025-05-14,404227
T-00050,2025-05-28,373785
T-00050,2025-06-11,385689
T-00050,2025-06-25,384277
T-00050,2025-07-09,413272
T-00050,2025-07-23,359062
T-00050,2025-08-06,412138
T-00050,2025-08-20,431601
T-00050,2025-09-03,367564
T-00050,2025-09-17,361435
T-00050,2025-10-01,358650
T-00050,2025-10-15,369033
T-00050,2025-10-29,333023
T-00050,2025-11-12,263673
T-00050,2025-11-26,314861
T-00050,2025-12-10,405446
T-00050,2025-12-24,433420
T-00051,2025-01-08,434082
T-00051,2025-01-22,407942
T-00051,2025-02-05,397625
T-00051,2025-02-19,460272
T-00051,2025-03-05,456606
T-00051,2025-03-19,383764
T-00051,2025-04-02,449301
T-00051,2025-04-16,468763
T-00051,2025-04-30,501168
T-00051,2025-05-14,371023
T-00051,2025-05-28,448751
T-00051,2025-06-11,512018
T-00051,2025-06-25,435165
T-00051,2025-07-09,456059
T-00051,2025-07-23,437697
T-00051,2025-08-06,426211
T-00051,2025-08-20,385224
T-00051,2025-09-03,492736
T-00051,2025-09-17,503544
T-00051,2025-10-01,418653
T-00051,2025-10-15,318682
T-00051,2025-10-29,497963
T-00051,2025-11-12,495902
T-00051,2025-11-26,453066
T-00051,2025-12-10,446131
T-00051,2025-12-24,464762
T-00052,2025-01-08,329076
T-00052,2025-01-22,320369
T-00052,2025-02-05,308491
T-00052,2025-02-19,319944
T-00052,2025-03-05,322062
T-00052,2025-03-19,250426
T-00052,2025-04-02,328402
T-00052,2025-04-16,271792
T-00052,2025-04-30,305910
T-00052,2025-05-14,369650
T-00052,2025-05-28,297500
T-00052,2025-06-11,277132
T-00052,2025-06-25,324999
T-00052,2025-07-09,312058
T-00052,2025-07-23,267294
T-00052,2025-08-06,370280
T-00052,2025-08-20,322095
T-00052,2025-09-03,275016
T-00052,2025-09-17,321373
T-00052,2025-10-01,372268
T-00052,2025-10-15,332420
T-00052,2025-10-29,307171
T-00052,2025-11-12,319421
T-00052,2025-11-26,279808
T-00052,2025-12-10,324764
T-00052,2025-12-24,353397
T-00053,2025-01-08,302898
T-00053,2025-01-22,385733
T-00053,2025-02-05,417565
T-00053,2025-02-19,365405
T-00053,2025-03-05,401872
T-00053,2025-03-19,409834
T-00053,2025-04-02,322327
T-00053,2025-04-16,386881
T-00053,2025-04-30,359718
T-00053,2025-05-14,325425
T-00053,2025-05-28,363008
T-00053,2025-06-11,409023
T-00053,2025-06-25,347537
T-00053,2025-07-09,365039
T-00053,2025-07-23,299515
T-00053,2025-08-06,354966
T-00053,2025-08-20,368809
T-00053,2025-09-03,371729
T-00053,2025-09-17,405426
T-00053,2025-10-01,360291
T-00053,2025-10-15,291450
T-00053,2025-10-29,386202
T-00053,2025-11-12,343835
T-00053,2025-11-26,337006
T-00053,2025-12-10,262583
T-00053,2025-12-24,331753
T-00054,2025-01-08,324512
T-00054,2025-01-22,331053
T-00054,2025-02-05,335634
T-00054,2025-02-19,283944
T-00054,2025-03-05,308483
T-00054,2025-03-19,317898
T-00054,2025-04-02,290641
T-00054,2025-04-16,278720
T-00054,2025-04-30,288828
T-00054,2025-05-14,304904
T-00054,2025-05-28,337551
T-00054,2025-06-11,337760
T-00054,2025-06-25,310381
T-00054,2025-07-09,363711
T-00054,2025-07-23,349687
T-00054,2025-08-06,307849
T-00054,2025-08-20,394241
T-00054,2025-09-03,271725
T-00054,2025-09-17,343878
T-00054,2025-10-01,309048
T-00054,2025-10-15,326944
T-00054,2025-10-29,362051
T-00054,2025-11-12,299268
T-00054,2025-11-26,347649
T-00054,2025-12-10,335484
T-00054,2025-12-24,283184
T-00055,2025-01-08,170696
T-00055,2025-01-22,132659
T-00055,2025-02-05,147308
T-00055,2025-02-19,142302
T-00055,2025-03-05,180791
T-00055,2025-03-19,163511
T-00055,2025-04-02,178868
T-00055,2025-04-16,158379
T-00055,2025-04-30,126789
T-00055,2025-05-14,189391
T-00055,2025-05-28,162012
T-00055,2025-06-11,139046
T-00055,2025-06-25,173912
T-00055,2025-07-09,204607
T-00055,2025-07-23,175833
T-00055,2025-08-06,171273
T-00055,2025-08-20,147342
T-00055,2025-09-03,129459
T-00055,2025-09-17,163740
T-00055,2025-10-01,164845
T-00055,2025-10-15,144991
T-00055,2025-10-29,177869
T-00055,2025-11-12,155214
T-00055,2025-11-26,144616
T-00055,2025-12-10,169580
T-00055,2025-12-24,145034
T-00056,2025-01-08,190359
T-00056,2025-01-22,163191
T-00056,2025-02-05,191693
T-00056,2025-02-19,203035
T-00056,2025-03-05,181201
T-00056,2025-03-19,188706
T-00056,2025-04-02,140315
T-00056,2025-04-16,150880
T-00056,2025-04-30,172897
T-00056,2025-05-14,167576
T-00056,2025-05-28,204163
T-00056,2025-06-11,201632
T-00056,2025-06-25,157218
T-00056,2025-07-09,208773
T-00056,2025-07-23,158178
T-00056,2025-08-06,184853
T-00056,2025-08-20,182673
T-00056,2025-09-03,198482
T-00056,2025-09-17,188312
T-00056,2025-10-01,178794
T-00056,2025-10-15,186836
T-00056,2025-10-29,160656
T-00056,2025-11-12,186246
T-00056,2025-11-26,161236
T-00056,2025-12-10,220282
T-00056,2025-12-24,162635
T-00057,2025-01-08,287812
T-00057,2025-01-22,259137
T-00057,2025-02-05,230891
T-00057,2025-02-19,280836
T-00057,2025-03-05,219134
T-00057,2025-03-19,274079
T-00057,2025-04-02,224412
T-00057,2025-04-16,255338
T-00057,2025-04-30,305761
T-00057,2025-05-14,277501
T-00057,2025-05-28,232596
T-00057,2025-06-11,234194
T-00057,2025-06-25,251828
T-00057,2025-07-09,276797
T-00057,2025-07-23,255649
T-00057,2025-08-06,250363
T-00057,2025-08-20,261199
T-00057,2025-09-03,254906
T-00057,2025-09-17,204023
T-00057,2025-10-01,233805
T-00057,2025-10-15,229305
T-00057,2025-10-29,212702
T-00057,2025-11-12,240822
T-00057,2025-11-26,245569
T-00057,2025-12-10,269580
T-00057,2025-12-24,257192
T-00058,2025-01-08,173825
T-00058,2025-01-22,126257
T-00058,2025-02-05,136255
T-00058,2025-02-19,137158
T-00058,2025-03-05,140744
T-00058,2025-03-19,169872
T-00058,2025-04-02,167389
T-00058,2025-04-16,168587
T-00058,2025-04-30,139409
T-00058,2025-05-14,164879
T-00058,2025-05-28,127861
T-00058,2025-06-11,139613
T-00058,2025-06-25,150651
T-00058,2025-07-09,130760
T-00058,2025-07-23,174404
T-00058,2025-08-06,145661
T-00058,2025-08-20,159259
T-00058,2025-09-03,154767
T-00058,2025-09-17,158418
T-00058,2025-10-01,162153
T-00058,2025-10-15,153715
T-00058,2025-10-29,182871
T-00058,2025-11-12,145681
T-00058,2025-11-26,139169
T-00058,2025-12-10,149568
T-00058,2025-12-24,164562
T-00059,2025-01-08,275513
T-00059,2025-01-22,288752
T-00059,2025-02-05,303169
T-00059,2025-02-19,298349
T-00059,2025-03-05,303926
T-00059,2025-03-19,304576
T-00059,2025-04-02,306197
T-00059,2025-04-16,357127
T-00059,2025-04-30,307695
T-00059,2025-05-14,299518
T-00059,2025-05-28,273129
T-00059,2025-06-11,337229
T-00059,2025-06-25,257796
T-00059,2025-07-09,267575
T-00059,2025-07-23,278963
T-00059,2025-08-06,287285
T-00059,2025-08-20,205753
T-00059,2025-09-03,322683
T-00059,2025-09-17,291547
T-00059,2025-10-01,340345
T-00059,2025-10-15,295559
T-00059,2025-10-29,252101
T-00059,2025-11-12,294839
T-00059,2025-11-26,284637
T-00059,2025-12-10,288646
T-00059,2025-12-24,260136
T-00060,2025-01-08,416937
T-00060,2025-01-22,423613
T-00060,2025-02-05,368323
T-00060,2025-02-19,377362
T-00060,2025-03-05,360232
T-00060,2025-03-19,405053
T-00060,2025-04-02,319123
T-00060,2025-04-16,371692
T-00060,2025-04-30,359468
T-00060,2025-05-14,410772
T-00060,2025-05-28,372843
T-00060,2025-06-11,424640
T-00060,2025-06-25,381517
T-00060,2025-07-09,360742
T-00060,2025-07-23,392066
T-00060,2025-08-06,359533
T-00060,2025-08-20,346500
T-00060,2025-09-03,313424
T-00060,2025-09-17,397856
T-00060,2025-10-01,395918
T-00060,2025-10-15,295605
T-00060,2025-10-29,343124
T-00060,2025-11-12,357703
T-00060,2025-11-26,372282
T-00060,2025-12-10,310232
T-00060,2025-12-24,436672
T-00061,2025-01-08,361126
T-00061,2025-01-22,440186
T-00061,2025-02-05,410179
T-00061,2025-02-19,425837
T-00061,2025-03-05,367790
T-00061,2025-03-19,425107
T-00061,2025-04-02,366380
T-00061,2025-04-16,390293
T-00061,2025-04-30,426491
T-00061,2025-05-14,410869
T-00061,2025-05-28,417273
T-00061,2025-06-11,421795
T-00061,2025-06-25,321931
T-00061,2025-07-09,451704
T-00061,2025-07-23,456483
T-00061,2025-08-06,449463
T-00061,2025-08-20,425422
T-00061,2025-09-03,359848
T-00061,2025-09-17,377906
T-00061,2025-10-01,368249
T-00061,2025-10-15,467077
T-00061,2025-10-29,415137
T-00061,2025-11-12,383523
T-00061,2025-11-26,463295
T-00061,2025-12-10,437101
T-00061,2025-12-24,351217
T-00062,2025-01-08,330874
T-00062,2025-01-22,275832
T-00062,2025-02-05,300620
T-00062,2025-02-19,277157
T-00062,2025-03-05,288118
T-00062,2025-03-19,295216
T-00062,2025-04-02,322683
T-00062,2025-04-16,336514
T-00062,2025-04-30,311165
T-00062,2025-05-14,357646
T-00062,2025-05-28,323566
T-00062,2025-06-11,318529
T-00062,2025-06-25,322970
T-00062,2025-07-09,290405
T-00062,2025-07-23,314361
T-00062,2025-08-06,270841
T-00062,2025-08-20,267111
T-00062,2025-09-03,324133
T-00062,2025-09-17,317156
T-00062,2025-10-01,305089
T-00062,2025-10-15,237880
T-00062,2025-10-29,289777
T-00062,2025-11-12,309990
T-00062,2025-11-26,322585
T-00062,2025-12-10,310780
T-00062,2025-12-24,266240
T-00063,2025-01-08,472619
T-00063,2025-01-22,462150
T-00063,2025-02-05,465271
T-00063,2025-02-19,477584
T-00063,2025-03-05,497497
T-00063,2025-03-19,585805
T-00063,2025-04-02,529041
T-00063,2025-04-16,494225
T-00063,2025-04-30,526357
T-00063,2025-05-14,454416
T-00063,2025-05-28,484805
T-00063,2025-06-11,458749
T-00063,2025-06-25,537356
T-00063,2025-07-09,429931
T-00063,2025-07-23,483633
T-00063,2025-08-06,489097
T-00063,2025-08-20,401827
T-00063,2025-09-03,482384
T-00063,2025-09-17,516712
T-00063,2025-10-01,621365
T-00063,2025-10-15,460686
T-00063,2025-10-29,549112
T-00063,2025-11-12,385383
T-00063,2025-11-26,496542
T-00063,2025-12-10,519393
T-00063,2025-12-24,360526
T-00064,2025-01-08,381197
T-00064,2025-01-22,515482
T-00064,2025-02-05,471770
T-00064,2025-02-19,469988
T-00064,2025-03-05,413217
T-00064,2025-03-19,443466
T-00064,2025-04-02,492963
T-00064,2025-04-16,430071
T-00064,2025-04-30,468931
T-00064,2025-05-14,486124
T-00064,2025-05-28,407195
T-00064,2025-06-11,493318
T-00064,2025-06-25,537435
T-00064,2025-07-09,444538
T-00064,2025-07-23,482540
T-00064,2025-08-06,575129
T-00064,2025-08-20,476535
T-00064,2025-09-03,477070
T-00064,2025-09-17,438770
T-00064,2025-10-01,488382
T-00064,2025-10-15,431016
T-00064,2025-10-29,509346
T-00064,2025-11-12,451192
T-00064,2025-11-26,453836
T-00064,2025-12-10,441316
T-00064,2025-12-24,393013
T-00065,2025-01-08,293837
T-00065,2025-01-22,358686
T-00065,2025-02-05,388018
T-00065,2025-02-19,337974
T-00065,2025-03-05,392535
T-00065,2025-03-19,361876
T-00065,2025-04-02,364706
T-00065,2025-04-16,333131
T-00065,2025-04-30,325663
T-00065,2025-05-14,389844
T-00065,2025-05-28,395086
T-00065,2025-06-11,386380
T-00065,2025-06-25,323912
T-00065,2025-07-09,366212
T-00065,2025-07-23,355971
T-00065,2025-08-06,377567
T-00065,2025-08-20,327187
T-00065,2025-09-03,388632
T-00065,2025-09-17,409218
T-00065,2025-10-01,356058
T-00065,2025-10-15,334904
T-00065,2025-10-29,344481
T-00065,2025-11-12,430453
T-00065,2025-11-26,353634
T-00065,2025-12-10,351345
T-00065,2025-12-24,329746
T-00066,2025-01-08,340726
T-00066,2025-01-22,367329
T-00066,2025-02-05,378102
T-00066,2025-02-19,395721
T-00066,2025-03-05,387461
T-00066,2025-03-19,367152
T-00066,2025-04-02,461483
T-00066,2025-04-16,435446
T-00066,2025-04-30,402247
T-00066,2025-05-14,337513
T-00066,2025-05-28,443199
T-00066,2025-06-11,405622
T-00066,2025-06-25,335305
T-00066,2025-07-09,407947
T-00066,2025-07-23,322985
T-00066,2025-08-06,393462
T-00066,2025-08-20,309033
T-00066,2025-09-03,401664
T-00066,2025-09-17,423437
T-00066,2025-10-01,364322
T-00066,2025-10-15,320443
T-00066,2025-10-29,435664
T-00066,2025-11-12,424137
T-00066,2025-11-26,411033
T-00066,2025-12-10,390849
T-00066,2025-12-24,358674
T-00067,2025-01-08,460039
T-00067,2025-01-22,376272
T-00067,2025-02-05,447204
T-00067,2025-02-19,402469
T-00067,2025-03-05,444772
T-00067,2025-03-19,415308
T-00067,2025-04-02,395530
T-00067,2025-04-16,424986
T-00067,2025-04-30,433477
T-00067,2025-05-14,437105
T-00067,2025-05-28,456954
T-00067,2025-06-11,374818
T-00067,2025-06-25,381950
T-00067,2025-07-09,443305
T-00067,2025-07-23,394826
T-00067,2025-08-06,372311
T-00067,2025-08-20,382614
T-00067,2025-09-03,396471
T-00067,2025-09-17,376481
T-00067,2025-10-01,437430
T-00067,2025-10-15,418837
T-00067,2025-10-29,458625
T-00067,2025-11-12,420317
T-00067,2025-11-26,413981
T-00067,2025-12-10,429276
T-00067,2025-12-24,472841
T-00068,2025-01-08,245829
T-00068,2025-01-22,253275
T-00068,2025-02-05,226843
T-00068,2025-02-19,221409
T-00068,2025-03-05,228689
T-00068,2025-03-19,192588
T-00068,2025-04-02,190438
T-00068,2025-04-16,190132
T-00068,2025-04-30,232312
T-00068,2025-05-14,248655
T-00068,2025-05-28,239251
T-00068,2025-06-11,240432
T-00068,2025-06-25,207195
T-00068,2025-07-09,175094
T-00068,2025-07-23,224882
T-00068,2025-08-06,255199
T-00068,2025-08-20,206266
T-00068,2025-09-03,216360
T-00068,2025-09-17,238102
T-00068,2025-10-01,228459
T-00068,2025-10-15,256708
T-00068,2025-10-29,237885
T-00068,2025-11-12,205831
T-00068,2025-11-26,195555
T-00068,2025-12-10,223712
T-00068,2025-12-24,221252
T-00069,2025-01-08,428681
T-00069,2025-01-22,401467
T-00069,2025-02-05,327053
T-00069,2025-02-19,339685
T-00069,2025-03-05,388706
T-00069,2025-03-19,368775
T-00069,2025-04-02,377167
T-00069,2025-04-16,309876
T-00069,2025-04-30,404062
T-00069,2025-05-14,395497
T-00069,2025-05-28,365743
T-00069,2025-06-11,342321
T-00069,2025-06-25,386611
T-00069,2025-07-09,331912
T-00069,2025-07-23,423642
T-00069,2025-08-06,405155
T-00069,2025-08-20,397316
T-00069,2025-09-03,334454
T-00069,2025-09-17,332946
T-00069,2025-10-01,376597
T-00069,2025-10-15,325645
T-00069,2025-10-29,390741
T-00069,2025-11-12,312770
T-00069,2025-11-26,353117
T-00069,2025-12-10,356179
T-00069,2025-12-24,355246
T-00070,2025-01-08,365002
T-00070,2025-01-22,317387
T-00070,2025-02-05,383597
T-00070,2025-02-19,395531
T-00070,2025-03-05,437116
T-00070,2025-03-19,349290
T-00070,2025-04-02,387947
T-00070,2025-04-16,440851
T-00070,2025-04-30,415767
T-00070,2025-05-14,387213
T-00070,2025-05-28,333531
T-00070,2025-06-11,445416
T-00070,2025-06-25,427174
T-00070,2025-07-09,401940
T-00070,2025-07-23,445632
T-00070,2025-08-06,401497
T-00070,2025-08-20,361895
T-00070,2025-09-03,332344
T-00070,2025-09-17,377776
T-00070,2025-10-01,318236
T-00070,2025-10-15,374553
T-00070,2025-10-29,368555
T-00070,2025-11-12,429983
T-00070,2025-11-26,404473
T-00070,2025-12-10,357839
T-00070,2025-12-24,363550
T-00071,2025-01-08,384033
T-00071,2025-01-22,435729
T-00071,2025-02-05,389238
T-00071,2025-02-19,391398
T-00071,2025-03-05,428681
T-00071,2025-03-19,417959
T-00071,2025-04-02,405866
T-00071,2025-04-16,290054
T-00071,2025-04-30,389867
T-00071,2025-05-14,403185
T-00071,2025-05-28,437989
T-00071,2025-06-11,364201
T-00071,2025-06-25,385053
T-00071,2025-07-09,374809
T-00071,2025-07-23,396912
T-00071,2025-08-06,412485
T-00071,2025-08-20,321320
T-00071,2025-09-03,424844
T-00071,2025-09-17,383902
T-00071,2025-10-01,332875
T-00071,2025-10-15,374542
T-00071,2025-10-29,386697
T-00071,2025-11-12,393234
T-00071,2025-11-26,464975
T-00071,2025-12-10,404555
T-00071,2025-12-24,360287
T-00072,2025-01-08,251735
T-00072,2025-01-22,225600
T-00072,2025-02-05,241466
T-00072,2025-02-19,249404
T-00072,2025-03-05,274203
T-00072,2025-03-19,184997
T-00072,2025-04-02,269664
T-00072,2025-04-16,169914
T-00072,2025-04-30,248920
T-00072,2025-05-14,219051
T-00072,2025-05-28,245686
T-00072,2025-06-11,255005
T-00072,2025-06-25,173632
T-00072,2025-07-09,215636
T-00072,2025-07-23,229925
T-00072,2025-08-06,197818
T-00072,2025-08-20,256567
T-00072,2025-09-03,231293
T-00072,2025-09-17,199166
T-00072,2025-10-01,263528
T-00072,2025-10-15,242864
T-00072,2025-10-29,209626
T-00072,2025-11-12,288412
T-00072,2025-11-26,249720
T-00072,2025-12-10,204827
T-00072,2025-12-24,228156
T-00073,2025-01-08,332585
T-00073,2025-01-22,450771
T-00073,2025-02-05,451488
T-00073,2025-02-19,391116
T-00073,2025-03-05,429365
T-00073,2025-03-19,421742
T-00073,2025-04-02,333370
T-00073,2025-04-16,480775
T-00073,2025-04-30,391932
T-00073,2025-05-14,436590
T-00073,2025-05-28,402459
T-00073,2025-06-11,403418
T-00073,2025-06-25,361242
T-00073,2025-07-09,390584
T-00073,2025-07-23,359204
T-00073,2025-08-06,382894
T-00073,2025-08-20,382698
T-00073,2025-09-03,413656
T-00073,2025-09-17,315536
T-00073,2025-10-01,430837
T-00073,2025-10-15,388991
T-00073,2025-10-29,340645
T-00073,2025-11-12,314500
T-00073,2025-11-26,370609
T-00073,2025-12-10,391514
T-00073,2025-12-24,476713
T-00074,2025-01-08,158686
T-00074,2025-01-22,131121
T-00074,2025-02-05,135692
T-00074,2025-02-19,144840
T-00074,2025-03-05,150811
T-00074,2025-03-19,136081
T-00074,2025-04-02,139235
T-00074,2025-04-16,120483
T-00074,2025-04-30,143995
T-00074,2025-05-14,128198
T-00074,2025-05-28,136176
T-00074,2025-06-11,128347
T-00074,2025-06-25,123609
T-00074,2025-07-09,133241
T-00074,2025-07-23,152608
T-00074,2025-08-06,135593
T-00074,2025-08-20,117376
T-00074,2025-09-03,147652
T-00074,2025-09-17,156504
T-00074,2025-10-01,158238
T-00074,2025-10-15,144396
T-00074,2025-10-29,141917
T-00074,2025-11-12,159552
T-00074,2025-11-26,131356
T-00074,2025-12-10,133731
T-00074,2025-12-24,166365
T-00075,2025-01-08,394142
T-00075,2025-01-22,396849
T-00075,2025-02-05,386455
T-00075,2025-02-19,307706
T-00075,2025-03-05,292860
T-00075,2025-03-19,403729
T-00075,2025-04-02,440893
T-00075,2025-04-16,344871
T-00075,2025-04-30,367252
T-00075,2025-05-14,334299
T-00075,2025-05-28,293863
T-00075,2025-06-11,359809
T-00075,2025-06-25,383915
T-00075,2025-07-09,377377
T-00075,2025-07-23,390824
T-00075,2025-08-06,380343
T-00075,2025-08-20,379206
T-00075,2025-09-03,346984
T-00075,2025-09-17,349604
T-00075,2025-10-01,344185
T-00075,2025-10-15,304712
T-00075,2025-10-29,328700
T-00075,2025-11-12,405695
T-00075,2025-11-26,281485
T-00075,2025-12-10,379895
T-00075,2025-12-24,374798
T-00076,2025-01-08,338978
T-00076,2025-01-22,318959
T-00076,2025-02-05,284778
T-00076,2025-02-19,351855
T-00076,2025-03-05,349514
T-00076,2025-03-19,343181
T-00076,2025-04-02,360310
T-00076,2025-04-16,302461
T-00076,2025-04-30,368301
T-00076,2025-05-14,348598
T-00076,2025-05-28,303172
T-00076,2025-06-11,328239
T-00076,2025-06-25,360550
T-00076,2025-07-09,319604
T-00076,2025-07-23,361523
T-00076,2025-08-06,330369
T-00076,2025-08-20,249364
T-00076,2025-09-03,352640
T-00076,2025-09-17,267596
T-00076,2025-10-01,258662
T-00076,2025-10-15,377928
T-00076,2025-10-29,374129
T-00076,2025-11-12,302464
T-00076,2025-11-26,344046
T-00076,2025-12-10,335806
T-00076,2025-12-24,273194
T-00077,2025-01-08,245440
T-00077,2025-01-22,226725
T-00077,2025-02-05,268162
T-00077,2025-02-19,231825
T-00077,2025-03-05,207433
T-00077,2025-03-19,253245
T-00077,2025-04-02,221727
T-00077,2025-04-16,242397
T-00077,2025-04-30,275921
T-00077,2025-05-14,228058
T-00077,2025-05-28,247117
T-00077,2025-06-11,246929
T-00077,2025-06-25,208004
T-00077,2025-07-09,255889
T-00077,2025-07-23,284384
T-00077,2025-08-06,267908
T-00077,2025-08-20,212246
T-00077,2025-09-03,250024
T-00077,2025-09-17,249296
T-00077,2025-10-01,271079
T-00077,2025-10-15,260299
T-00077,2025-10-29,228931
T-00077,2025-11-12,206532
T-00077,2025-11-26,211331
T-00077,2025-12-10,219716
T-00077,2025-12-24,239185
T-00078,2025-01-08,326192
T-00078,2025-01-22,346245
T-00078,2025-02-05,359889
T-00078,2025-02-19,325797
T-00078,2025-03-05,375859
T-00078,2025-03-19,404270
T-00078,2025-04-02,383480
T-00078,2025-04-16,304857
T-00078,2025-04-30,313007
T-00078,2025-05-14,291376
T-00078,2025-05-28,338788
T-00078,2025-06-11,370104
T-00078,2025-06-25,355395
T-00078,2025-07-09,343792
T-00078,2025-07-23,382821
T-00078,2025-08-06,325804
T-00078,2025-08-20,340040
T-00078,2025-09-03,331748
T-00078,2025-09-17,358111
T-00078,2025-10-01,315117
T-00078,2025-10-15,383393
T-00078,2025-10-29,418038
T-00078,2025-11-12,387056
T-00078,2025-11-26,298151
T-00078,2025-12-10,344361
T-00078,2025-12-24,327125
T-00079,2025-01-08,206026
T-00079,2025-01-22,210767
T-00079,2025-02-05,183690
T-00079,2025-02-19,190248
T-00079,2025-03-05,211233
T-00079,2025-03-19,234364
T-00079,2025-04-02,160470
T-00079,2025-04-16,203463
T-00079,2025-04-30,194228
T-00079,2025-05-14,204254
T-00079,2025-05-28,191666
T-00079,2025-06-11,212668
T-00079,2025-06-25,177244
T-00079,2025-07-09,194642
T-00079,2025-07-23,176470
T-00079,2025-08-06,185651
T-00079,2025-08-20,175202
T-00079,2025-09-03,229927
T-00079,2025-09-17,200502
T-00079,2025-10-01,185004
T-00079,2025-10-15,172083
T-00079,2025-10-29,224690
T-00079,2025-11-12,184498
T-00079,2025-11-26,212070
T-00079,2025-12-10,181497
T-00079,2025-12-24,191853
T-00080,2025-01-08,383759
T-00080,2025-01-22,415321
T-00080,2025-02-05,366749
T-00080,2025-02-19,438693
T-00080,2025-03-05,455335
T-00080,2025-03-19,444181
T-00080,2025-04-02,362872
T-00080,2025-04-16,381839
T-00080,2025-04-30,429002
T-00080,2025-05-14,406469
T-00080,2025-05-28,395509
T-00080,2025-06-11,459329
T-00080,2025-06-25,460098
T-00080,2025-07-09,444936
T-00080,2025-07-23,460159
T-00080,2025-08-06,396480
T-00080,2025-08-20,392758
T-00080,2025-09-03,434720
T-00080,2025-09-17,409559
T-00080,2025-10-01,465458
T-00080,2025-10-15,385956
T-00080,2025-10-29,394203
T-00080,2025-11-12,291370
T-00080,2025-11-26,402495
T-00080,2025-12-10,477022
T-00080,2025-12-24,370703
T-00081,2025-01-08,185139
T-00081,2025-01-22,182419
T-00081,2025-02-05,155533
T-00081,2025-02-19,153233
T-00081,2025-03-05,173001
T-00081,2025-03-19,117836
T-00081,2025-04-02,160690
T-00081,2025-04-16,190971
T-00081,2025-04-30,163831
T-00081,2025-05-14,160312
T-00081,2025-05-28,174648
T-00081,2025-06-11,159216
T-00081,2025-06-25,168445
T-00081,2025-07-09,159743
T-00081,2025-07-23,176210
T-00081,2025-08-06,191778
T-00081,2025-08-20,164984
T-00081,2025-09-03,172295
T-00081,2025-09-17,148574
T-00081,2025-10-01,178562
T-00081,2025-10-15,160597
T-00081,2025-10-29,152900
T-00081,2025-11-12,151311
T-00081,2025-11-26,156460
T-00081,2025-12-10,168396
T-00081,2025-12-24,161262
T-00082,2025-01-08,509294
T-00082,2025-01-22,406942
T-00082,2025-02-05,477913
T-00082,2025-02-19,515365
T-00082,2025-03-05,494959
T-00082,2025-03-19,478570
T-00082,2025-04-02,455472
T-00082,2025-04-16,505304
T-00082,2025-04-30,456851
T-00082,2025-05-14,452983
T-00082,2025-05-28,308560
T-00082,2025-06-11,523756
T-00082,2025-06-25,398082
T-00082,2025-07-09,473188
T-00082,2025-07-23,416067
T-00082,2025-08-06,483493
T-00082,2025-08-20,474200
T-00082,2025-09-03,524284
T-00082,2025-09-17,402728
T-00082,2025-10-01,501675
T-00082,2025-10-15,441141
T-00082,2025-10-29,465126
T-00082,2025-11-12,421736
T-00082,2025-11-26,482018
T-00082,2025-12-10,469158
T-00082,2025-12-24,398349
T-00083,2025-01-08,371838
T-00083,2025-01-22,310827
T-00083,2025-02-05,366634
T-00083,2025-02-19,264488
T-00083,2025-03-05,343565
T-00083,2025-03-19,306678
T-00083,2025-04-02,234994
T-00083,2025-04-16,354441
T-00083,2025-04-30,310700
T-00083,2025-05-14,333874
T-00083,2025-05-28,369574
T-00083,2025-06-11,272409
T-00083,2025-06-25,335252
T-00083,2025-07-09,330628
T-00083,2025-07-23,353501
T-00083,2025-08-06,300867
T-00083,2025-08-20,277263
T-00083,2025-09-03,273785
T-00083,2025-09-17,361861
T-00083,2025-10-01,296340
T-00083,2025-10-15,335351
T-00083,2025-10-29,289437
T-00083,2025-11-12,366866
T-00083,2025-11-26,329954
T-00083,2025-12-10,278479
T-00083,2025-12-24,367111
T-00084,2025-01-08,417786
T-00084,2025-01-22,455286
T-00084,2025-02-05,421618
T-00084,2025-02-19,427796
T-00084,2025-03-05,432020
T-00084,2025-03-19,467963
T-00084,2025-04-02,377577
T-00084,2025-04-16,454949
T-00084,2025-04-30,408329
T-00084,2025-05-14,486270
T-00084,2025-05-28,431642
T-00084,2025-06-11,422331
T-00084,2025-06-25,335085
T-00084,2025-07-09,448935
T-00084,2025-07-23,537599
T-00084,2025-08-06,479018
T-00084,2025-08-20,465702
T-00084,2025-09-03,422337
T-00084,2025-09-17,393009
T-00084,2025-10-01,425149
T-00084,2025-10-15,436578
T-00084,2025-10-29,406031
T-00084,2025-11-12,375083
T-00084,2025-11-26,402353
T-00084,2025-12-10,446916
T-00084,2025-12-24,469861
T-00085,2025-01-08,209663
T-00085,2025-01-22,243695
T-00085,2025-02-05,266090
T-00085,2025-02-19,243776
T-00085,2025-03-05,201254
T-00085,2025-03-19,204808
T-00085,2025-04-02,190499
T-00085,2025-04-16,244577
T-00085,2025-04-30,220218
T-00085,2025-05-14,220644
T-00085,2025-05-28,250475
T-00085,2025-06-11,202761
T-00085,2025-06-25,210324
T-00085,2025-07-09,248157
T-00085,2025-07-23,200047
T-00085,2025-08-06,253556
T-00085,2025-08-20,258829
T-00085,2025-09-03,236196
T-00085,2025-09-17,261613
T-00085,2025-10-01,217711
T-00085,2025-10-15,199620
T-00085,2025-10-29,254332
T-00085,2025-11-12,264370
T-00085,2025-11-26,218662
T-00085,2025-12-10,257391
T-00085,2025-12-24,197110
T-00086,2025-01-08,342412
T-00086,2025-01-22,398966
T-00086,2025-02-05,374920
T-00086,2025-02-19,294276
T-00086,2025-03-05,354355
T-00086,2025-03-19,347757
T-00086,2025-04-02,366425
T-00086,2025-04-16,350700
T-00086,2025-04-30,292419
T-00086,2025-05-14,375600
T-00086,2025-05-28,356684
T-00086,2025-06-11,304627
T-00086,2025-06-25,335411
T-00086,2025-07-09,317332
T-00086,2025-07-23,307695
T-00086,2025-08-06,377609
T-00086,2025-08-20,388935
T-00086,2025-09-03,336847
T-00086,2025-09-17,305353
T-00086,2025-10-01,289609
T-00086,2025-10-15,386412
T-00086,2025-10-29,352830
T-00086,2025-11-12,264194
T-00086,2025-11-26,369725
T-00086,2025-12-10,334600
T-00086,2025-12-24,358782
T-00087,2025-01-08,122040
T-00087,2025-01-22,150192
T-00087,2025-02-05,129480
T-00087,2025-02-19,128069
T-00087,2025-03-05,113232
T-00087,2025-03-19,129822
T-00087,2025-04-02,130993
T-00087,2025-04-16,116064
T-00087,2025-04-30,99436
T-00087,2025-05-14,130081
T-00087,2025-05-28,133907
T-00087,2025-06-11,112301
T-00087,2025-06-25,119484
T-00087,2025-07-09,130090
T-00087,2025-07-23,118319
T-00087,2025-08-06,114997
T-00087,2025-08-20,145951
T-00087,2025-09-03,126025
T-00087,2025-09-17,112290
T-00087,2025-10-01,101815
T-00087,2025-10-15,148798
T-00087,2025-10-29,108692
T-00087,2025-11-12,136811
T-00087,2025-11-26,106218
T-00087,2025-12-10,130059
T-00087,2025-12-24,129874
T-00088,2025-01-08,549791
T-00088,2025-01-22,468488
T-00088,2025-02-05,374844
T-00088,2025-02-19,488562
T-00088,2025-03-05,450205
T-00088,2025-03-19,442777
T-00088,2025-04-02,466615
T-00088,2025-04-16,396307
T-00088,2025-04-30,452077
T-00088,2025-05-14,432074
T-00088,2025-05-28,436073
T-00088,2025-06-11,484753
T-00088,2025-06-25,523733
T-00088,2025-07-09,398006
T-00088,2025-07-23,478701
T-00088,2025-08-06,455747
T-00088,2025-08-20,497996
T-00088,2025-09-03,406369
T-00088,2025-09-17,455011
T-00088,2025-10-01,556089
T-00088,2025-10-15,473986
T-00088,2025-10-29,369047
T-00088,2025-11-12,528089
T-00088,2025-11-26,435592
T-00088,2025-12-10,416599
T-00088,2025-12-24,497618
T-00089,2025-01-08,348299
T-00089,2025-01-22,352569
T-00089,2025-02-05,310004
T-00089,2025-02-19,308493
T-00089,2025-03-05,328988
T-00089,2025-03-19,433361
T-00089,2025-04-02,297069
T-00089,2025-04-16,363549
T-00089,2025-04-30,403431
T-00089,2025-05-14,290911
T-00089,2025-05-28,297886
T-00089,2025-06-11,330526
T-00089,2025-06-25,343193
T-00089,2025-07-09,321973
T-00089,2025-07-23,336139
T-00089,2025-08-06,350770
T-00089,2025-08-20,360668
T-00089,2025-09-03,374763
T-00089,2025-09-17,361275
T-00089,2025-10-01,347335
T-00089,2025-10-15,362171
T-00089,2025-10-29,321672
T-00089,2025-11-12,325759
T-00089,2025-11-26,364138
T-00089,2025-12-10,331518
T-00089,2025-12-24,349867
T-00090,2025-01-08,195576
T-00090,2025-01-22,245270
T-00090,2025-02-05,210151
T-00090,2025-02-19,182431
T-00090,2025-03-05,258105
T-00090,2025-03-19,177219
T-00090,2025-04-02,197962
T-00090,2025-04-16,215676
T-00090,2025-04-30,189738
T-00090,2025-05-14,177261
T-00090,2025-05-28,174353
T-00090,2025-06-11,210782
T-00090,2025-06-25,173794
T-00090,2025-07-09,197304
T-00090,2025-07-23,190882
T-00090,2025-08-06,207142
T-00090,2025-08-20,192428
T-00090,2025-09-03,181458
T-00090,2025-09-17,187104
T-00090,2025-10-01,187986
T-00090,2025-10-15,191235
T-00090,2025-10-29,182888
T-00090,2025-11-12,193191
T-00090,2025-11-26,202786
T-00090,2025-12-10,216328
T-00090,2025-12-24,189690
T-00091,2025-01-08,140781
T-00091,2025-01-22,163487
T-00091,2025-02-05,149799
T-00091,2025-02-19,185963
T-00091,2025-03-05,143143
T-00091,2025-03-19,151032
T-00091,2025-04-02,172916
T-00091,2025-04-16,141135
T-00091,2025-04-30,190436
T-00091,2025-05-14,160639
T-00091,2025-05-28,144506
T-00091,2025-06-11,173139
T-00091,2025-06-25,133202
T-00091,2025-07-09,142559
T-00091,2025-07-23,134398
T-00091,2025-08-06,151291
T-00091,2025-08-20,189716
T-00091,2025-09-03,162098
T-00091,2025-09-17,144882
T-00091,2025-10-01,136720
T-00091,2025-10-15,198637
T-00091,2025-10-29,151333
T-00091,2025-11-12,137873
T-00091,2025-11-26,147683
T-00091,2025-12-10,167261
T-00091,2025-12-24,138597
T-00092,2025-01-08,191150
T-00092,2025-01-22,183201
T-00092,2025-02-05,159112
T-00092,2025-02-19,172236
T-00092,2025-03-05,188494
T-00092,2025-03-19,180084
T-00092,2025-04-02,169722
T-00092,2025-04-16,184898
T-00092,2025-04-30,170692
T-00092,2025-05-14,172939
T-00092,2025-05-28,161902
T-00092,2025-06-11,170427
T-00092,2025-06-25,161094
T-00092,2025-07-09,163694
T-00092,2025-07-23,148744
T-00092,2025-08-06,171806
T-00092,2025-08-20,179111
T-00092,2025-09-03,194195
T-00092,2025-09-17,178675
T-00092,2025-10-01,166128
T-00092,2025-10-15,183532
T-00092,2025-10-29,165760
T-00092,2025-11-12,179688
T-00092,2025-11-26,196106
T-00092,2025-12-10,166475
T-00092,2025-12-24,161157
T-00093,2025-01-08,348363
T-00093,2025-01-22,323127
T-00093,2025-02-05,367541
T-00093,2025-02-19,454619
T-00093,2025-03-05,303683
T-00093,2025-03-19,311563
T-00093,2025-04-02,413300
T-00093,2025-04-16,395925
T-00093,2025-04-30,434658
T-00093,2025-05-14,424247
T-00093,2025-05-28,354161
T-00093,2025-06-11,319033
T-00093,2025-06-25,387598
T-00093,2025-07-09,391809
T-00093,2025-07-23,353281
T-00093,2025-08-06,331089
T-00093,2025-08-20,377576
T-00093,2025-09-03,370362
T-00093,2025-09-17,341026
T-00093,2025-10-01,346713
T-00093,2025-10-15,386757
T-00093,2025-10-29,418202
T-00093,2025-11-12,301807
T-00093,2025-11-26,413104
T-00093,2025-12-10,366564
T-00093,2025-12-24,354012
T-00094,2025-01-08,339580
T-00094,2025-01-22,355513
T-00094,2025-02-05,271522
T-00094,2025-02-19,291294
T-00094,2025-03-05,318264
T-00094,2025-03-19,317877
T-00094,2025-04-02,338354
T-00094,2025-04-16,336159
T-00094,2025-04-30,322955
T-00094,2025-05-14,300755
T-00094,2025-05-28,316053
T-00094,2025-06-11,313396
T-00094,2025-06-25,265232
T-00094,2025-07-09,306770
T-00094,2025-07-23,296709
T-00094,2025-08-06,289265
T-00094,2025-08-20,290980
T-00094,2025-09-03,301221
T-00094,2025-09-17,295337
T-00094,2025-10-01,314261
T-00094,2025-10-15,275916
T-00094,2025-10-29,310347
T-00094,2025-11-12,333742
T-00094,2025-11-26,312570
T-00094,2025-12-10,257639
T-00094,2025-12-24,293868
T-00095,2025-01-08,306445
T-00095,2025-01-22,297943
T-00095,2025-02-05,328249
T-00095,2025-02-19,298294
T-00095,2025-03-05,290401
T-00095,2025-03-19,310357
T-00095,2025-04-02,373521
T-00095,2025-04-16,272743
T-00095,2025-04-30,320919
T-00095,2025-05-14,348379
T-00095,2025-05-28,297446
T-00095,2025-06-11,284507
T-00095,2025-06-25,316238
T-00095,2025-07-09,293655
T-00095,2025-07-23,316725
T-00095,2025-08-06,325316
T-00095,2025-08-20,365500
T-00095,2025-09-03,305549
T-00095,2025-09-17,312008
T-00095,2025-10-01,311582
T-00095,2025-10-15,352281
T-00095,2025-10-29,331702
T-00095,2025-11-12,318567
T-00095,2025-11-26,341051
T-00095,2025-12-10,294818
T-00095,2025-12-24,304354
T-00096,2025-01-08,466149
T-00096,2025-01-22,336584
T-00096,2025-02-05,360658
T-00096,2025-02-19,447507
T-00096,2025-03-05,406371
T-00096,2025-03-19,332481
T-00096,2025-04-02,345243
T-00096,2025-04-16,377038
T-00096,2025-04-30,391030
T-00096,2025-05-14,410398
T-00096,2025-05-28,431923
T-00096,2025-06-11,405266
T-00096,2025-06-25,337977
T-00096,2025-07-09,357021
T-00096,2025-07-23,414866
T-00096,2025-08-06,352762
T-00096,2025-08-20,428956
T-00096,2025-09-03,378884
T-00096,2025-09-17,435647
T-00096,2025-10-01,393920
T-00096,2025-10-15,482284
T-00096,2025-10-29,372154
T-00096,2025-11-12,422545
T-00096,2025-11-26,450225
T-00096,2025-12-10,378175
T-00096,2025-12-24,321326
T-00097,2025-01-08,116378
T-00097,2025-01-22,110493
T-00097,2025-02-05,120287
T-00097,2025-02-19,130217
T-00097,2025-03-05,104640
T-00097,2025-03-19,135238
T-00097,2025-04-02,131887
T-00097,2025-04-16,122078
T-00097,2025-04-30,131543
T-00097,2025-05-14,122785
T-00097,2025-05-28,135713
T-00097,2025-06-11,125742
T-00097,2025-06-25,122365
T-00097,2025-07-09,118188
T-00097,2025-07-23,117815
T-00097,2025-08-06,98442
T-00097,2025-08-20,124766
T-00097,2025-09-03,122591
T-00097,2025-09-17,134922
T-00097,2025-10-01,127187
T-00097,2025-10-15,136690
T-00097,2025-10-29,114513
T-00097,2025-11-12,136918
T-00097,2025-11-26,115629
T-00097,2025-12-10,113172
T-00097,2025-12-24,136169
T-00098,2025-01-08,327272
T-00098,2025-01-22,317965
T-00098,2025-02-05,308482
T-00098,2025-02-19,307675
T-00098,2025-03-05,327565
T-00098,2025-03-19,274441
T-00098,2025-04-02,342654
T-00098,2025-04-16,335135
T-00098,2025-04-30,369939
T-00098,2025-05-14,317328
T-00098,2025-05-28,234116
T-00098,2025-06-11,304150
T-00098,2025-06-25,309561
T-00098,2025-07-09,258455
T-00098,2025-07-23,329385
T-00098,2025-08-06,311333
T-00098,2025-08-20,344345
T-00098,2025-09-03,325932
T-00098,2025-09-17,341590
T-00098,2025-10-01,323783
T-00098,2025-10-15,336629
T-00098,2025-10-29,282711
T-00098,2025-11-12,321681
T-00098,2025-11-26,339124
T-00098,2025-12-10,225329
T-00098,2025-12-24,338310
T-00099,2025-01-08,504604
T-00099,2025-01-22,477143
T-00099,2025-02-05,439819
T-00099,2025-02-19,485413
T-00099,2025-03-05,401051
T-00099,2025-03-19,434264
T-00099,2025-04-02,433810
T-00099,2025-04-16,436521
T-00099,2025-04-30,414929
T-00099,2025-05-14,466468
T-00099,2025-05-28,360725
T-00099,2025-06-11,545137
T-00099,2025-06-25,408234
T-00099,2025-07-09,378666
T-00099,2025-07-23,444035
T-00099,2025-08-06,451891
T-00099,2025-08-20,394709
T-00099,2025-09-03,392277
T-00099,2025-09-17,411589
T-00099,2025-10-01,414491
T-00099,2025-10-15,428860
T-00099,2025-10-29,360019
T-00099,2025-11-12,390522
T-00099,2025-11-26,459055
T-00099,2025-12-10,403695
T-00099,2025-12-24,462929
T-00100,2025-01-08,223295
T-00100,2025-01-22,214380
T-00100,2025-02-05,175695
T-00100,2025-02-19,228633
T-00100,2025-03-05,264151
T-00100,2025-03-19,223931
T-00100,2025-04-02,241019
T-00100,2025-04-16,230759
T-00100,2025-04-30,212548
T-00100,2025-05-14,216188
T-00100,2025-05-28,179710
T-00100,2025-06-11,212368
T-00100,2025-06-25,204971
T-00100,2025-07-09,212055
T-00100,2025-07-23,195031
T-00100,2025-08-06,216880
T-00100,2025-08-20,220834
T-00100,2025-09-03,218783
T-00100,2025-09-17,244707
T-00100,2025-10-01,209255
T-00100,2025-10-15,215759
T-00100,2025-10-29,253346
T-00100,2025-11-12,224196
T-00100,2025-11-26,229511
T-00100,2025-12-10,222453
T-00100,2025-12-24,182727
